<?xml version="1.0" encoding="UTF-8"?>

<!-- ====================================================================== -->
<!-- Ant build file (http://ant.apache.org/) for Ant 1.6.2 or above.        -->
<!-- ====================================================================== -->

<!-- ====================================================================== -->
<!-- ===================== - DO NOT EDIT THIS FILE! - ===================== -->
<!-- ====================================================================== -->
<!--                                                                        -->
<!-- Any modifications will be overwritten.                                 -->
<!--                                                                        -->
<!-- Generated by Maven Ant Plugin on 7/6/17 1:19 PM                        -->
<!-- See: http://maven.apache.org/plugins/maven-ant-plugin/                 -->
<!--                                                                        -->
<!-- ====================================================================== -->

<project name="MockitoHandsOn-from-maven" default="package" basedir=".">

  <!-- ====================================================================== -->
  <!-- Build environment properties                                           -->
  <!-- ====================================================================== -->

  <property file="${user.home}/.m2/maven.properties"/>
  <property file="maven-build.properties"/>

  <property name="maven.build.finalName" value="MockitoHandsOn-1.0.0"/>
  <property name="maven.build.dir" value="target"/>
  <property name="maven.build.outputDir" value="${maven.build.dir}/classes"/>
  <property name="maven.build.srcDir.0" value="src/main/java"/>
  <property name="maven.build.resourceDir.0" value="src/main/resources"/>
  <property name="maven.build.testOutputDir" value="${maven.build.dir}/test-classes"/>
  <property name="maven.build.testDir.0" value="src/test/java"/>
  <property name="maven.build.testResourceDir.0" value="src/test/resources"/>
  <property name="maven.test.reports" value="${maven.build.dir}/test-reports"/>
  <property name="maven.reporting.outputDirectory" value="${maven.build.dir}/site"/>

  <property name="maven.repo.local" value="${user.home}/.m2/repository"/>
  <property name="maven.settings.offline" value="false"/>
  <property name="maven.settings.interactiveMode" value="true"/>

  <!-- ====================================================================== -->
  <!-- Defining classpaths                                                    -->
  <!-- ====================================================================== -->

  <path id="build.classpath">
    <pathelement location="${maven.repo.local}/junit/junit/4.12/junit-4.12.jar"/>
    <pathelement location="${maven.repo.local}/org/hamcrest/hamcrest-core/1.3/hamcrest-core-1.3.jar"/>
    <pathelement location="${maven.repo.local}/org/dbunit/dbunit/2.5.0/dbunit-2.5.0.jar"/>
    <pathelement location="${maven.repo.local}/org/slf4j/slf4j-api/1.7.7/slf4j-api-1.7.7.jar"/>
    <pathelement location="${maven.repo.local}/commons-collections/commons-collections/3.2.1/commons-collections-3.2.1.jar"/>
    <pathelement location="${maven.repo.local}/org/mockito/mockito-all/1.10.19/mockito-all-1.10.19.jar"/>
    <pathelement location="${maven.repo.local}/org/hibernate/hibernate-entitymanager/4.3.8.Final/hibernate-entitymanager-4.3.8.Final.jar"/>
    <pathelement location="${maven.repo.local}/org/jboss/logging/jboss-logging/3.1.3.GA/jboss-logging-3.1.3.GA.jar"/>
    <pathelement location="${maven.repo.local}/org/jboss/logging/jboss-logging-annotations/1.2.0.Beta1/jboss-logging-annotations-1.2.0.Beta1.jar"/>
    <pathelement location="${maven.repo.local}/org/hibernate/hibernate-core/4.3.8.Final/hibernate-core-4.3.8.Final.jar"/>
    <pathelement location="${maven.repo.local}/antlr/antlr/2.7.7/antlr-2.7.7.jar"/>
    <pathelement location="${maven.repo.local}/org/jboss/jandex/1.1.0.Final/jandex-1.1.0.Final.jar"/>
    <pathelement location="${maven.repo.local}/dom4j/dom4j/1.6.1/dom4j-1.6.1.jar"/>
    <pathelement location="${maven.repo.local}/xml-apis/xml-apis/1.0.b2/xml-apis-1.0.b2.jar"/>
    <pathelement location="${maven.repo.local}/org/hibernate/common/hibernate-commons-annotations/4.0.5.Final/hibernate-commons-annotations-4.0.5.Final.jar"/>
    <pathelement location="${maven.repo.local}/org/hibernate/javax/persistence/hibernate-jpa-2.1-api/1.0.0.Final/hibernate-jpa-2.1-api-1.0.0.Final.jar"/>
    <pathelement location="${maven.repo.local}/org/jboss/spec/javax/transaction/jboss-transaction-api_1.2_spec/1.0.0.Final/jboss-transaction-api_1.2_spec-1.0.0.Final.jar"/>
    <pathelement location="${maven.repo.local}/org/javassist/javassist/3.18.1-GA/javassist-3.18.1-GA.jar"/>
    <pathelement location="${maven.repo.local}/org/hsqldb/hsqldb/2.3.2/hsqldb-2.3.2.jar"/>
    <pathelement location="${maven.repo.local}/org/springframework/spring-core/4.1.4.RELEASE/spring-core-4.1.4.RELEASE.jar"/>
    <pathelement location="${maven.repo.local}/commons-logging/commons-logging/1.2/commons-logging-1.2.jar"/>
    <pathelement location="${maven.repo.local}/org/springframework/spring-context/4.1.5.RELEASE/spring-context-4.1.5.RELEASE.jar"/>
    <pathelement location="${maven.repo.local}/org/springframework/spring-aop/4.1.5.RELEASE/spring-aop-4.1.5.RELEASE.jar"/>
    <pathelement location="${maven.repo.local}/aopalliance/aopalliance/1.0/aopalliance-1.0.jar"/>
    <pathelement location="${maven.repo.local}/org/springframework/spring-beans/4.1.5.RELEASE/spring-beans-4.1.5.RELEASE.jar"/>
    <pathelement location="${maven.repo.local}/org/springframework/spring-expression/4.1.5.RELEASE/spring-expression-4.1.5.RELEASE.jar"/>
    <pathelement location="${maven.repo.local}/org/springframework/spring-test/4.1.5.RELEASE/spring-test-4.1.5.RELEASE.jar"/>
    <pathelement location="${maven.repo.local}/org/springframework/spring-tx/4.1.5.RELEASE/spring-tx-4.1.5.RELEASE.jar"/>
    <pathelement location="${maven.repo.local}/org/springframework/spring-orm/4.1.5.RELEASE/spring-orm-4.1.5.RELEASE.jar"/>
    <pathelement location="${maven.repo.local}/org/springframework/spring-jdbc/4.1.5.RELEASE/spring-jdbc-4.1.5.RELEASE.jar"/>
  </path>
  <path id="build.test.classpath">
    <pathelement location="${maven.repo.local}/junit/junit/4.12/junit-4.12.jar"/>
    <pathelement location="${maven.repo.local}/org/hamcrest/hamcrest-core/1.3/hamcrest-core-1.3.jar"/>
    <pathelement location="${maven.repo.local}/org/dbunit/dbunit/2.5.0/dbunit-2.5.0.jar"/>
    <pathelement location="${maven.repo.local}/org/slf4j/slf4j-api/1.7.7/slf4j-api-1.7.7.jar"/>
    <pathelement location="${maven.repo.local}/commons-collections/commons-collections/3.2.1/commons-collections-3.2.1.jar"/>
    <pathelement location="${maven.repo.local}/org/mockito/mockito-all/1.10.19/mockito-all-1.10.19.jar"/>
    <pathelement location="${maven.repo.local}/org/hibernate/hibernate-entitymanager/4.3.8.Final/hibernate-entitymanager-4.3.8.Final.jar"/>
    <pathelement location="${maven.repo.local}/org/jboss/logging/jboss-logging/3.1.3.GA/jboss-logging-3.1.3.GA.jar"/>
    <pathelement location="${maven.repo.local}/org/jboss/logging/jboss-logging-annotations/1.2.0.Beta1/jboss-logging-annotations-1.2.0.Beta1.jar"/>
    <pathelement location="${maven.repo.local}/org/hibernate/hibernate-core/4.3.8.Final/hibernate-core-4.3.8.Final.jar"/>
    <pathelement location="${maven.repo.local}/antlr/antlr/2.7.7/antlr-2.7.7.jar"/>
    <pathelement location="${maven.repo.local}/org/jboss/jandex/1.1.0.Final/jandex-1.1.0.Final.jar"/>
    <pathelement location="${maven.repo.local}/dom4j/dom4j/1.6.1/dom4j-1.6.1.jar"/>
    <pathelement location="${maven.repo.local}/xml-apis/xml-apis/1.0.b2/xml-apis-1.0.b2.jar"/>
    <pathelement location="${maven.repo.local}/org/hibernate/common/hibernate-commons-annotations/4.0.5.Final/hibernate-commons-annotations-4.0.5.Final.jar"/>
    <pathelement location="${maven.repo.local}/org/hibernate/javax/persistence/hibernate-jpa-2.1-api/1.0.0.Final/hibernate-jpa-2.1-api-1.0.0.Final.jar"/>
    <pathelement location="${maven.repo.local}/org/jboss/spec/javax/transaction/jboss-transaction-api_1.2_spec/1.0.0.Final/jboss-transaction-api_1.2_spec-1.0.0.Final.jar"/>
    <pathelement location="${maven.repo.local}/org/javassist/javassist/3.18.1-GA/javassist-3.18.1-GA.jar"/>
    <pathelement location="${maven.repo.local}/org/hsqldb/hsqldb/2.3.2/hsqldb-2.3.2.jar"/>
    <pathelement location="${maven.repo.local}/org/springframework/spring-core/4.1.4.RELEASE/spring-core-4.1.4.RELEASE.jar"/>
    <pathelement location="${maven.repo.local}/commons-logging/commons-logging/1.2/commons-logging-1.2.jar"/>
    <pathelement location="${maven.repo.local}/org/springframework/spring-context/4.1.5.RELEASE/spring-context-4.1.5.RELEASE.jar"/>
    <pathelement location="${maven.repo.local}/org/springframework/spring-aop/4.1.5.RELEASE/spring-aop-4.1.5.RELEASE.jar"/>
    <pathelement location="${maven.repo.local}/aopalliance/aopalliance/1.0/aopalliance-1.0.jar"/>
    <pathelement location="${maven.repo.local}/org/springframework/spring-beans/4.1.5.RELEASE/spring-beans-4.1.5.RELEASE.jar"/>
    <pathelement location="${maven.repo.local}/org/springframework/spring-expression/4.1.5.RELEASE/spring-expression-4.1.5.RELEASE.jar"/>
    <pathelement location="${maven.repo.local}/org/springframework/spring-test/4.1.5.RELEASE/spring-test-4.1.5.RELEASE.jar"/>
    <pathelement location="${maven.repo.local}/org/springframework/spring-tx/4.1.5.RELEASE/spring-tx-4.1.5.RELEASE.jar"/>
    <pathelement location="${maven.repo.local}/org/springframework/spring-orm/4.1.5.RELEASE/spring-orm-4.1.5.RELEASE.jar"/>
    <pathelement location="${maven.repo.local}/org/springframework/spring-jdbc/4.1.5.RELEASE/spring-jdbc-4.1.5.RELEASE.jar"/>
  </path>

  <!-- ====================================================================== -->
  <!-- Cleaning up target                                                     -->
  <!-- ====================================================================== -->

  <target name="clean" description="Clean the output directory">
    <delete dir="${maven.build.dir}"/>
  </target>

  <!-- ====================================================================== -->
  <!-- Compilation target                                                     -->
  <!-- ====================================================================== -->

  <target name="compile" depends="get-deps" description="Compile the code">
    <mkdir dir="${maven.build.outputDir}"/>
    <javac destdir="${maven.build.outputDir}" 
           nowarn="false" 
           debug="true" 
           optimize="false" 
           deprecation="true" 
           target="1.1" 
           verbose="false" 
           fork="false" 
           source="1.3">
      <src>
        <pathelement location="${maven.build.srcDir.0}"/>
      </src>
      <classpath refid="build.classpath"/>
    </javac>
    <copy todir="${maven.build.outputDir}">
      <fileset dir="${maven.build.resourceDir.0}"/>
    </copy>
  </target>

  <!-- ====================================================================== -->
  <!-- Test-compilation target                                                -->
  <!-- ====================================================================== -->

  <target name="compile-tests" 
          depends="compile" 
          description="Compile the test code" 
          unless="maven.test.skip">
    <mkdir dir="${maven.build.testOutputDir}"/>
    <javac destdir="${maven.build.testOutputDir}" 
           nowarn="false" 
           debug="true" 
           optimize="false" 
           deprecation="true" 
           target="1.1" 
           verbose="false" 
           fork="false" 
           source="1.3">
      <src>
        <pathelement location="${maven.build.testDir.0}"/>
      </src>
      <classpath>
        <path refid="build.test.classpath"/>
        <pathelement location="${maven.build.outputDir}"/>
      </classpath>
    </javac>
    <copy todir="${maven.build.testOutputDir}">
      <fileset dir="${maven.build.testResourceDir.0}"/>
    </copy>
  </target>

  <!-- ====================================================================== -->
  <!-- Run all tests                                                          -->
  <!-- ====================================================================== -->

  <target name="test" 
          depends="compile-tests, junit-missing" 
          unless="junit.skipped" 
          description="Run the test cases">
    <mkdir dir="${maven.test.reports}"/>
    <junit printSummary="yes" haltonerror="true" haltonfailure="true" fork="true" dir=".">
      <sysproperty key="basedir" value="."/>
      <formatter type="xml"/>
      <formatter type="plain" usefile="false"/>
      <classpath>
        <path refid="build.test.classpath"/>
        <pathelement location="${maven.build.outputDir}"/>
        <pathelement location="${maven.build.testOutputDir}"/>
      </classpath>
      <batchtest todir="${maven.test.reports}" unless="test">
        <fileset dir="${maven.build.testDir.0}">
          <include name="**/Test*.java"/>
          <include name="**/*Test.java"/>
          <include name="**/*TestCase.java"/>
          <exclude name="**/*Abstract*Test.java"/>
        </fileset>
      </batchtest>
      <batchtest todir="${maven.test.reports}" if="test">
        <fileset dir="${maven.build.testDir.0}">
          <include name="**/${test}.java"/>
          <exclude name="**/*Abstract*Test.java"/>
        </fileset>
      </batchtest>
    </junit>
  </target>

  <target name="test-junit-present">
    <available classname="junit.framework.Test" property="junit.present" classpathref="build.test.classpath"/>
  </target>

  <target name="test-junit-status" 
          depends="test-junit-present">
    <condition property="junit.missing">
      <and>
        <isfalse value="${junit.present}"/>
        <isfalse value="${maven.test.skip}"/>
      </and>
    </condition>
    <condition property="junit.skipped">
      <or>
        <isfalse value="${junit.present}"/>
        <istrue value="${maven.test.skip}"/>
      </or>
    </condition>
  </target>

  <target name="junit-missing" 
          depends="test-junit-status" 
          if="junit.missing">
    <echo>=================================== WARNING ===================================</echo>
    <echo> JUnit is not present in the test classpath or your $ANT_HOME/lib directory. Tests not executed.</echo>
    <echo>===============================================================================</echo>
  </target>

  <!-- ====================================================================== -->
  <!-- Javadoc target                                                         -->
  <!-- ====================================================================== -->

  <target name="javadoc" description="Generates the Javadoc of the application">
    <javadoc sourcepath="${maven.build.srcDir.0}" 
             packagenames="*" 
             destdir="${maven.reporting.outputDirectory}/apidocs" 
             access="protected" 
             old="false" 
             verbose="false" 
             version="true" 
             use="true" 
             author="true" 
             splitindex="false" 
             nodeprecated="false" 
             nodeprecatedlist="false" 
             notree="false" 
             noindex="false" 
             nohelp="false" 
             nonavbar="false" 
             serialwarn="false" 
             charset="ISO-8859-1" 
             linksource="false" 
             breakiterator="false"/>
  </target>

  <!-- ====================================================================== -->
  <!-- Package target                                                         -->
  <!-- ====================================================================== -->

  <target name="package" depends="compile,test" description="Package the application">
    <jar jarfile="${maven.build.dir}/${maven.build.finalName}.jar" 
         compress="true" 
         index="false" 
         basedir="${maven.build.outputDir}" 
         excludes="**/package.html"/>
  </target>

  <!-- ====================================================================== -->
  <!-- A dummy target for the package named after the type it creates         -->
  <!-- ====================================================================== -->

  <target name="jar" depends="package" description="Builds the jar for the application"/>

  <!-- ====================================================================== -->
  <!-- Download dependencies target                                           -->
  <!-- ====================================================================== -->

  <target name="test-offline">
    <condition property="maven.mode.offline">
      <equals arg1="${maven.settings.offline}" arg2="true"/>
    </condition>
  </target>

  <target name="get-deps" 
          depends="test-offline" 
          description="Download all dependencies" 
          unless="maven.mode.offline">
    <mkdir dir="${maven.repo.local}"/>
    <mkdir dir="${maven.repo.local}/junit/junit/4.12"/>
    <get src="https://repo.maven.apache.org/maven2/junit/junit/4.12/junit-4.12.jar" 
         dest="${maven.repo.local}/junit/junit/4.12/junit-4.12.jar" 
         usetimestamp="false" 
         ignoreerrors="true"/>
    <mkdir dir="${maven.repo.local}/org/hamcrest/hamcrest-core/1.3"/>
    <get src="https://repo.maven.apache.org/maven2/org/hamcrest/hamcrest-core/1.3/hamcrest-core-1.3.jar" 
         dest="${maven.repo.local}/org/hamcrest/hamcrest-core/1.3/hamcrest-core-1.3.jar" 
         usetimestamp="false" 
         ignoreerrors="true"/>
    <mkdir dir="${maven.repo.local}/org/dbunit/dbunit/2.5.0"/>
    <get src="https://repo.maven.apache.org/maven2/org/dbunit/dbunit/2.5.0/dbunit-2.5.0.jar" 
         dest="${maven.repo.local}/org/dbunit/dbunit/2.5.0/dbunit-2.5.0.jar" 
         usetimestamp="false" 
         ignoreerrors="true"/>
    <mkdir dir="${maven.repo.local}/org/slf4j/slf4j-api/1.7.7"/>
    <get src="https://repo.maven.apache.org/maven2/org/slf4j/slf4j-api/1.7.7/slf4j-api-1.7.7.jar" 
         dest="${maven.repo.local}/org/slf4j/slf4j-api/1.7.7/slf4j-api-1.7.7.jar" 
         usetimestamp="false" 
         ignoreerrors="true"/>
    <mkdir dir="${maven.repo.local}/commons-collections/commons-collections/3.2.1"/>
    <get src="https://repo.maven.apache.org/maven2/commons-collections/commons-collections/3.2.1/commons-collections-3.2.1.jar" 
         dest="${maven.repo.local}/commons-collections/commons-collections/3.2.1/commons-collections-3.2.1.jar" 
         usetimestamp="false" 
         ignoreerrors="true"/>
    <mkdir dir="${maven.repo.local}/org/mockito/mockito-all/1.10.19"/>
    <get src="https://repo.maven.apache.org/maven2/org/mockito/mockito-all/1.10.19/mockito-all-1.10.19.jar" 
         dest="${maven.repo.local}/org/mockito/mockito-all/1.10.19/mockito-all-1.10.19.jar" 
         usetimestamp="false" 
         ignoreerrors="true"/>
    <mkdir dir="${maven.repo.local}/org/hibernate/hibernate-entitymanager/4.3.8.Final"/>
    <get src="https://repo.maven.apache.org/maven2/org/hibernate/hibernate-entitymanager/4.3.8.Final/hibernate-entitymanager-4.3.8.Final.jar" 
         dest="${maven.repo.local}/org/hibernate/hibernate-entitymanager/4.3.8.Final/hibernate-entitymanager-4.3.8.Final.jar" 
         usetimestamp="false" 
         ignoreerrors="true"/>
    <mkdir dir="${maven.repo.local}/org/jboss/logging/jboss-logging/3.1.3.GA"/>
    <get src="https://repo.maven.apache.org/maven2/org/jboss/logging/jboss-logging/3.1.3.GA/jboss-logging-3.1.3.GA.jar" 
         dest="${maven.repo.local}/org/jboss/logging/jboss-logging/3.1.3.GA/jboss-logging-3.1.3.GA.jar" 
         usetimestamp="false" 
         ignoreerrors="true"/>
    <mkdir dir="${maven.repo.local}/org/jboss/logging/jboss-logging-annotations/1.2.0.Beta1"/>
    <get src="https://repo.maven.apache.org/maven2/org/jboss/logging/jboss-logging-annotations/1.2.0.Beta1/jboss-logging-annotations-1.2.0.Beta1.jar" 
         dest="${maven.repo.local}/org/jboss/logging/jboss-logging-annotations/1.2.0.Beta1/jboss-logging-annotations-1.2.0.Beta1.jar" 
         usetimestamp="false" 
         ignoreerrors="true"/>
    <mkdir dir="${maven.repo.local}/org/hibernate/hibernate-core/4.3.8.Final"/>
    <get src="https://repo.maven.apache.org/maven2/org/hibernate/hibernate-core/4.3.8.Final/hibernate-core-4.3.8.Final.jar" 
         dest="${maven.repo.local}/org/hibernate/hibernate-core/4.3.8.Final/hibernate-core-4.3.8.Final.jar" 
         usetimestamp="false" 
         ignoreerrors="true"/>
    <mkdir dir="${maven.repo.local}/antlr/antlr/2.7.7"/>
    <get src="https://repo.maven.apache.org/maven2/antlr/antlr/2.7.7/antlr-2.7.7.jar" 
         dest="${maven.repo.local}/antlr/antlr/2.7.7/antlr-2.7.7.jar" 
         usetimestamp="false" 
         ignoreerrors="true"/>
    <mkdir dir="${maven.repo.local}/org/jboss/jandex/1.1.0.Final"/>
    <get src="https://repo.maven.apache.org/maven2/org/jboss/jandex/1.1.0.Final/jandex-1.1.0.Final.jar" 
         dest="${maven.repo.local}/org/jboss/jandex/1.1.0.Final/jandex-1.1.0.Final.jar" 
         usetimestamp="false" 
         ignoreerrors="true"/>
    <mkdir dir="${maven.repo.local}/dom4j/dom4j/1.6.1"/>
    <get src="https://repo.maven.apache.org/maven2/dom4j/dom4j/1.6.1/dom4j-1.6.1.jar" 
         dest="${maven.repo.local}/dom4j/dom4j/1.6.1/dom4j-1.6.1.jar" 
         usetimestamp="false" 
         ignoreerrors="true"/>
    <mkdir dir="${maven.repo.local}/xml-apis/xml-apis/1.0.b2"/>
    <get src="https://repo.maven.apache.org/maven2/xml-apis/xml-apis/1.0.b2/xml-apis-1.0.b2.jar" 
         dest="${maven.repo.local}/xml-apis/xml-apis/1.0.b2/xml-apis-1.0.b2.jar" 
         usetimestamp="false" 
         ignoreerrors="true"/>
    <mkdir dir="${maven.repo.local}/org/hibernate/common/hibernate-commons-annotations/4.0.5.Final"/>
    <get src="https://repo.maven.apache.org/maven2/org/hibernate/common/hibernate-commons-annotations/4.0.5.Final/hibernate-commons-annotations-4.0.5.Final.jar" 
         dest="${maven.repo.local}/org/hibernate/common/hibernate-commons-annotations/4.0.5.Final/hibernate-commons-annotations-4.0.5.Final.jar" 
         usetimestamp="false" 
         ignoreerrors="true"/>
    <mkdir dir="${maven.repo.local}/org/hibernate/javax/persistence/hibernate-jpa-2.1-api/1.0.0.Final"/>
    <get src="https://repo.maven.apache.org/maven2/org/hibernate/javax/persistence/hibernate-jpa-2.1-api/1.0.0.Final/hibernate-jpa-2.1-api-1.0.0.Final.jar" 
         dest="${maven.repo.local}/org/hibernate/javax/persistence/hibernate-jpa-2.1-api/1.0.0.Final/hibernate-jpa-2.1-api-1.0.0.Final.jar" 
         usetimestamp="false" 
         ignoreerrors="true"/>
    <mkdir dir="${maven.repo.local}/org/jboss/spec/javax/transaction/jboss-transaction-api_1.2_spec/1.0.0.Final"/>
    <get src="https://repo.maven.apache.org/maven2/org/jboss/spec/javax/transaction/jboss-transaction-api_1.2_spec/1.0.0.Final/jboss-transaction-api_1.2_spec-1.0.0.Final.jar" 
         dest="${maven.repo.local}/org/jboss/spec/javax/transaction/jboss-transaction-api_1.2_spec/1.0.0.Final/jboss-transaction-api_1.2_spec-1.0.0.Final.jar" 
         usetimestamp="false" 
         ignoreerrors="true"/>
    <mkdir dir="${maven.repo.local}/org/javassist/javassist/3.18.1-GA"/>
    <get src="https://repo.maven.apache.org/maven2/org/javassist/javassist/3.18.1-GA/javassist-3.18.1-GA.jar" 
         dest="${maven.repo.local}/org/javassist/javassist/3.18.1-GA/javassist-3.18.1-GA.jar" 
         usetimestamp="false" 
         ignoreerrors="true"/>
    <mkdir dir="${maven.repo.local}/org/hsqldb/hsqldb/2.3.2"/>
    <get src="https://repo.maven.apache.org/maven2/org/hsqldb/hsqldb/2.3.2/hsqldb-2.3.2.jar" 
         dest="${maven.repo.local}/org/hsqldb/hsqldb/2.3.2/hsqldb-2.3.2.jar" 
         usetimestamp="false" 
         ignoreerrors="true"/>
    <mkdir dir="${maven.repo.local}/org/springframework/spring-core/4.1.4.RELEASE"/>
    <get src="https://repo.maven.apache.org/maven2/org/springframework/spring-core/4.1.4.RELEASE/spring-core-4.1.4.RELEASE.jar" 
         dest="${maven.repo.local}/org/springframework/spring-core/4.1.4.RELEASE/spring-core-4.1.4.RELEASE.jar" 
         usetimestamp="false" 
         ignoreerrors="true"/>
    <mkdir dir="${maven.repo.local}/commons-logging/commons-logging/1.2"/>
    <get src="https://repo.maven.apache.org/maven2/commons-logging/commons-logging/1.2/commons-logging-1.2.jar" 
         dest="${maven.repo.local}/commons-logging/commons-logging/1.2/commons-logging-1.2.jar" 
         usetimestamp="false" 
         ignoreerrors="true"/>
    <mkdir dir="${maven.repo.local}/org/springframework/spring-context/4.1.5.RELEASE"/>
    <get src="https://repo.maven.apache.org/maven2/org/springframework/spring-context/4.1.5.RELEASE/spring-context-4.1.5.RELEASE.jar" 
         dest="${maven.repo.local}/org/springframework/spring-context/4.1.5.RELEASE/spring-context-4.1.5.RELEASE.jar" 
         usetimestamp="false" 
         ignoreerrors="true"/>
    <mkdir dir="${maven.repo.local}/org/springframework/spring-aop/4.1.5.RELEASE"/>
    <get src="https://repo.maven.apache.org/maven2/org/springframework/spring-aop/4.1.5.RELEASE/spring-aop-4.1.5.RELEASE.jar" 
         dest="${maven.repo.local}/org/springframework/spring-aop/4.1.5.RELEASE/spring-aop-4.1.5.RELEASE.jar" 
         usetimestamp="false" 
         ignoreerrors="true"/>
    <mkdir dir="${maven.repo.local}/aopalliance/aopalliance/1.0"/>
    <get src="https://repo.maven.apache.org/maven2/aopalliance/aopalliance/1.0/aopalliance-1.0.jar" 
         dest="${maven.repo.local}/aopalliance/aopalliance/1.0/aopalliance-1.0.jar" 
         usetimestamp="false" 
         ignoreerrors="true"/>
    <mkdir dir="${maven.repo.local}/org/springframework/spring-beans/4.1.5.RELEASE"/>
    <get src="https://repo.maven.apache.org/maven2/org/springframework/spring-beans/4.1.5.RELEASE/spring-beans-4.1.5.RELEASE.jar" 
         dest="${maven.repo.local}/org/springframework/spring-beans/4.1.5.RELEASE/spring-beans-4.1.5.RELEASE.jar" 
         usetimestamp="false" 
         ignoreerrors="true"/>
    <mkdir dir="${maven.repo.local}/org/springframework/spring-expression/4.1.5.RELEASE"/>
    <get src="https://repo.maven.apache.org/maven2/org/springframework/spring-expression/4.1.5.RELEASE/spring-expression-4.1.5.RELEASE.jar" 
         dest="${maven.repo.local}/org/springframework/spring-expression/4.1.5.RELEASE/spring-expression-4.1.5.RELEASE.jar" 
         usetimestamp="false" 
         ignoreerrors="true"/>
    <mkdir dir="${maven.repo.local}/org/springframework/spring-test/4.1.5.RELEASE"/>
    <get src="https://repo.maven.apache.org/maven2/org/springframework/spring-test/4.1.5.RELEASE/spring-test-4.1.5.RELEASE.jar" 
         dest="${maven.repo.local}/org/springframework/spring-test/4.1.5.RELEASE/spring-test-4.1.5.RELEASE.jar" 
         usetimestamp="false" 
         ignoreerrors="true"/>
    <mkdir dir="${maven.repo.local}/org/springframework/spring-tx/4.1.5.RELEASE"/>
    <get src="https://repo.maven.apache.org/maven2/org/springframework/spring-tx/4.1.5.RELEASE/spring-tx-4.1.5.RELEASE.jar" 
         dest="${maven.repo.local}/org/springframework/spring-tx/4.1.5.RELEASE/spring-tx-4.1.5.RELEASE.jar" 
         usetimestamp="false" 
         ignoreerrors="true"/>
    <mkdir dir="${maven.repo.local}/org/springframework/spring-orm/4.1.5.RELEASE"/>
    <get src="https://repo.maven.apache.org/maven2/org/springframework/spring-orm/4.1.5.RELEASE/spring-orm-4.1.5.RELEASE.jar" 
         dest="${maven.repo.local}/org/springframework/spring-orm/4.1.5.RELEASE/spring-orm-4.1.5.RELEASE.jar" 
         usetimestamp="false" 
         ignoreerrors="true"/>
    <mkdir dir="${maven.repo.local}/org/springframework/spring-jdbc/4.1.5.RELEASE"/>
    <get src="https://repo.maven.apache.org/maven2/org/springframework/spring-jdbc/4.1.5.RELEASE/spring-jdbc-4.1.5.RELEASE.jar" 
         dest="${maven.repo.local}/org/springframework/spring-jdbc/4.1.5.RELEASE/spring-jdbc-4.1.5.RELEASE.jar" 
         usetimestamp="false" 
         ignoreerrors="true"/>
  </target>

</project>
